,time_of_day,dob,student_status,RC_1,RC_2,RC_3,RC_4,RC_5,Diff_timing,Diff_found,Diff_found_list,M_1,M_2,M_3,M_4,M_5,M_6,M_7,M_8,M_9,M_10,M_11,M_12,M_13,M_14,M_15,M_16,Pattern_1,Liar_check,group,RC_score,Diff_score,M_score,Pattern_score,Liar_score,Big_liar_score
0,3/30/2021 18:03,,,0,0,0,0,1,185.076,3,"Rod, Circle, Rocket",0,0,1,0,0,0,0,0,1,0,0,0,0,0,0,0,0,1,light_mode,0.2,0.2,0.125,0,1.0,1
2,3/31/2021 20:31,1990,Undergraduate Student,0,0,0,1,0,130.31,5,"rocket,pot",1,1,1,1,1,1,1,1,1,1,1,1,1,1,1,1,1,1,light_mode,0.2,0.3333333333333333,1.0,1,0.5,1
5,3/31/2021 22:19,1993,Staff,0,0,0,0,0,130.111,7,"eye, sneeze effect , lizard Tung ,rocket,",1,0,1,1,1,1,1,1,1,1,1,1,1,1,0,1,1,1,light_mode,0.0,0.4666666666666667,0.875,1,0.5,1
6,3/31/2021 23:16,1995,Staff,1,0,0,0,1,198.405,3,"animal,pencil,stones",1,1,1,1,1,1,1,1,1,1,1,1,1,1,1,1,0,1,light_mode,0.4,0.2,1.0,0,1.0,1
7,4/1/2021 0:08,1989,Undergraduate Student,1,0,0,0,0,260.224,2,book smile scale,1,1,1,1,1,1,1,1,1,1,1,1,1,1,1,1,0,1,light_mode,0.2,0.13333333333333333,1.0,0,0.5,1
9,4/1/2021 4:19,1999,Undergraduate Student,0,0,0,1,0,65.113,6,Eye,1,1,1,1,1,1,1,1,1,1,1,1,1,1,1,1,1,1,light_mode,0.2,0.4,1.0,1,0.5,1
11,4/1/2021 8:17,1985,Faculty,0,0,0,0,0,130.134,8,rocket,1,1,1,1,1,1,1,1,1,1,1,1,1,1,1,1,0,1,light_mode,0.0,0.5333333333333333,1.0,0,0.5,1
12,4/6/2021 20:27,2000,Undergraduate Student,1,0,0,1,1,99.419,8,added,1,1,1,1,1,0,0,0,0,1,1,0,0,0,1,1,1,1,light_mode,0.6,0.5333333333333333,0.5625,1,1.0,1
13,4/6/2021 21:36,1999,Undergraduate Student,0,0,0,0,0,65.11,1,firework,1,0,1,0,1,1,0,1,1,0,0,0,0,0,0,0,0,1,light_mode,0.0,0.06666666666666667,0.375,0,0.5,1
14,4/6/2021 22:53,2000,Undergraduate Student,0,0,0,1,0,66.688,7,"red, highlight, rocket, mashtach, ",1,1,1,1,1,1,1,1,1,0,0,1,1,1,1,1,0,1,light_mode,0.2,0.4666666666666667,0.875,0,0.5,1
15,4/7/2021 12:13,1999,Undergraduate Student,0,0,0,0,1,86.818,7,"pattterns, objects and shape",0,0,0,0,0,0,0,0,0,0,0,0,0,0,0,0,0,1,light_mode,0.2,0.4666666666666667,0.0,0,1.0,1
16,4/7/2021 18:41,1998,Undergraduate Student,0,0,0,0,0,63.852,3,"lizard, taco, spot, ",1,1,1,1,1,1,1,1,1,1,1,1,1,1,1,1,1,1,light_mode,0.0,0.2,1.0,1,0.5,1
17,4/7/2021 18:50,2000,Undergraduate Student,1,0,0,1,0,130.217,6,mark,1,0,0,0,0,0,0,0,0,0,0,0,0,0,0,0,1,1,light_mode,0.4,0.4,0.0625,1,0.5,1
18,4/7/2021 18:52,2000,Undergraduate Student,1,0,0,1,0,62.439,5,"eye, bulb, pencil, bulb2, lizard",1,1,1,1,1,0,0,1,1,1,1,1,1,1,1,0,1,1,light_mode,0.4,0.3333333333333333,0.8125,1,0.5,1
19,4/7/2021 18:22,1997,Graduate Student,1,0,0,1,0,130.16,8,"bulbs, bat, lizard",0,0,1,1,1,0,1,1,1,1,1,1,0,1,1,1,1,1,light_mode,0.4,0.5333333333333333,0.75,1,0.5,1
20,4/7/2021 18:56,2001,Undergraduate Student,1,0,0,1,0,111.441,8,"globe, star, eye, heart, tongue, crumbs, sphere, rocket",1,0,0,1,1,1,1,1,1,1,1,1,0,0,1,0,0,1,light_mode,0.4,0.5333333333333333,0.6875,0,0.5,1
21,4/7/2021 18:53,2001,Undergraduate Student,1,0,0,1,1,109.701,7,"Shines, mouth, crumbs, whisker, shines, eye, bellybutton",0,0,0,0,0,0,0,0,0,0,0,0,0,0,0,0,0,1,light_mode,0.6,0.4666666666666667,0.0,0,1.0,1
22,4/7/2021 18:42,2001,Undergraduate Student,1,0,0,0,1,65.107,3,"eye,pencil,firework",1,0,1,0,0,0,0,0,1,0,1,1,1,0,0,0,0,1,light_mode,0.4,0.2,0.375,0,1.0,1
23,4/7/2021 19:36,2000,Undergraduate Student,0,0,0,0,0,65.009,2,"lizard, heart, ",1,0,0,0,0,0,0,0,0,0,0,0,0,0,0,0,1,1,light_mode,0.0,0.13333333333333333,0.0625,1,0.5,1
24,4/7/2021 18:52,2001,Undergraduate Student,1,0,0,0,1,65.11,20,"Heart, circle, circle, sca",1,1,1,1,1,1,0,0,1,1,1,1,1,1,1,1,0,1,light_mode,0.4,1.3333333333333333,0.875,0,1.0,1
25,4/7/2021 19:05,2000,Undergraduate Student,0,0,0,1,0,93.997,5,"hear, wand, rocket, pencil lead, ",1,0,1,1,1,0,1,1,1,1,0,1,0,1,1,0,0,1,light_mode,0.2,0.3333333333333333,0.6875,0,0.5,1
26,4/7/2021 18:51,1998,Graduate Student,1,0,0,1,0,112.505,5,"tongue, eyeball, star, rocket, navel, ",1,1,1,1,0,1,1,0,1,1,1,1,0,1,1,1,1,1,light_mode,0.4,0.3333333333333333,0.8125,1,0.5,1
27,4/7/2021 19:02,2000,Undergraduate Student,1,0,0,0,1,41.42,3,"firecracker, line, spot",1,1,1,1,1,1,1,1,1,1,1,1,1,1,1,1,0,1,light_mode,0.4,0.2,1.0,0,1.0,1
28,4/7/2021 18:46,1995,Graduate Student,1,0,0,1,1,65.017,3,"eye,lizard,star",0,0,0,1,0,1,0,1,0,1,0,1,1,0,0,1,0,1,light_mode,0.6,0.2,0.4375,0,1.0,1
29,4/7/2021 19:10,1999,Undergraduate Student,1,0,0,1,0,181.711,10,"baloon, gecko, eye, star, rocket, belly, taco, alien, joystick, cat",0,0,1,1,1,0,0,1,1,1,0,1,0,1,0,0,0,1,light_mode,0.4,0.6666666666666666,0.5,0,0.5,1
30,4/7/2021 19:25,2000,Undergraduate Student,0,0,0,0,0,65.009,6,circle dot eye mark,1,1,1,1,1,1,1,1,1,1,1,1,1,1,1,1,1,1,light_mode,0.0,0.4,1.0,1,0.5,1
31,4/7/2021 19:31,1993,Undergraduate Student,1,0,0,1,0,65.149,4,"Tongue , toy, crane, rocket",0,0,0,0,0,0,0,0,1,0,0,1,0,0,0,0,0,1,light_mode,0.4,0.26666666666666666,0.125,0,0.5,1
32,4/7/2021 20:04,2000,Undergraduate Student,1,0,0,0,0,65.009,4,"tongue, eyeball, rocket, belly",0,0,1,1,0,0,0,0,1,0,0,1,0,0,0,0,1,1,light_mode,0.2,0.26666666666666666,0.25,1,0.5,1
33,4/7/2021 19:49,2000,Undergraduate Student,0,0,0,0,1,121.487,4,arrow and dots swirl,1,0,0,0,0,0,0,0,0,0,0,0,0,0,0,1,0,1,light_mode,0.2,0.26666666666666666,0.125,0,1.0,1
34,4/7/2021 19:51,1999,Undergraduate Student,0,0,0,0,0,65.098,6,"eyes, reflection, ",0,0,0,0,1,0,0,0,1,1,1,1,0,1,1,0,1,1,light_mode,0.0,0.4,0.4375,1,0.5,1
35,4/7/2021 20:24,,Undergraduate Student,0,0,0,0,1,106.913,4,"top right chick color, star on mid left, stick on lizard, big main ball bubble extra on right",1,1,1,1,0,0,0,0,0,0,1,0,0,0,0,0,0,1,light_mode,0.2,0.26666666666666666,0.3125,0,1.0,1
36,4/7/2021 20:07,1998,Undergraduate Student,1,0,0,1,0,65.008,4,"chameleons tongue, rocket on th",1,1,1,1,1,0,0,1,1,0,1,0,1,0,1,0,1,1,light_mode,0.4,0.26666666666666666,0.625,1,0.5,1
37,4/7/2021 19:41,2001,Undergraduate Student,0,0,0,1,0,48.169,1,Rocket,0,1,0,0,0,0,0,0,0,0,0,0,0,0,0,0,1,1,light_mode,0.2,0.06666666666666667,0.0625,1,0.5,1
38,4/7/2021 19:38,1970,Undergraduate Student,1,0,0,0,1,65.114,2,Rock,1,1,0,0,1,0,0,0,1,0,1,1,0,0,1,0,1,1,light_mode,0.4,0.13333333333333333,0.4375,1,1.0,1
39,4/7/2021 20:47,2002,Undergraduate Student,1,0,0,0,1,65.008,8,"eye, spots, lines, cross mouth, ",1,0,1,1,0,0,0,1,1,1,0,1,0,0,1,1,1,1,light_mode,0.4,0.5333333333333333,0.5625,1,1.0,1
40,4/7/2021 20:42,2001,Undergraduate Student,1,0,0,1,0,122.18,6,"circle, hair, rocket, scales, star, ton",1,1,1,1,0,1,0,0,1,0,1,1,0,0,0,0,1,1,light_mode,0.4,0.4,0.5,1,0.5,1
41,4/7/2021 20:48,1998,Undergraduate Student,1,0,0,1,0,130.022,7,"claw, heart, star, pencil, chameleon, surfer, lightbulb",1,0,1,0,0,0,0,0,1,1,1,1,0,1,1,0,1,1,light_mode,0.4,0.4666666666666667,0.5,1,0.5,1
42,4/7/2021 21:40,1999,Undergraduate Student,1,0,0,0,1,65.009,4,"tongue, lightbulb, rocket, pencil",1,1,1,1,1,1,0,1,1,1,1,1,0,1,1,1,1,1,light_mode,0.4,0.26666666666666666,0.875,1,1.0,1
43,4/7/2021 21:41,2001,Undergraduate Student,1,0,0,1,1,86.542,4,"heart, tongue, ball spots, ball spots bottom, ",0,0,0,0,1,0,0,1,1,1,1,1,1,1,1,0,1,1,light_mode,0.6,0.26666666666666666,0.5625,1,1.0,1
44,4/7/2021 19:06,1999,Undergraduate Student,0,0,0,0,1,304.584,5,"details, eyes",0,0,0,0,0,0,0,0,0,0,0,0,0,0,0,0,1,1,light_mode,0.2,0.3333333333333333,0.0,1,1.0,1
45,4/7/2021 18:43,1996,Undergraduate Student,1,0,0,0,0,99.299,8,"poop, reflections, eyes, rocket, eye",0,0,1,1,1,1,1,1,0,0,1,0,0,0,1,1,1,1,light_mode,0.2,0.5333333333333333,0.5625,1,0.5,1
46,4/7/2021 18:43,1998,Undergraduate Student,1,0,0,0,1,109.164,2,"tongue, star",0,1,1,1,0,0,0,0,1,0,0,1,0,0,0,0,0,1,light_mode,0.4,0.13333333333333333,0.3125,0,1.0,1
47,4/7/2021 22:59,1999,Undergraduate Student,1,0,0,1,1,65.109,4,"tongue, circle, ",0,0,1,0,0,0,0,0,1,1,1,1,1,1,1,1,1,1,light_mode,0.6,0.26666666666666666,0.5625,1,1.0,1
48,4/7/2021 20:26,1998,Undergraduate Student,0,0,0,1,0,260.039,5,"tooth, reflection, heart spots, star mouth, lightbulb eye,taco crumb, tongue, pencil shine, fire cracker, eyeball reflection again, cat whisker, bell",0,0,1,1,1,0,0,1,1,1,1,1,1,0,0,0,1,1,light_mode,0.2,0.3333333333333333,0.5625,1,0.5,1
49,4/8/2021 11:11,1999,Undergraduate Student,1,0,0,0,0,65.014,4,"claw bubble, heart bubbles, star bubbles, lizard tongue, taco filling, joystick bubble, ",1,1,1,1,0,0,0,0,1,1,1,0,0,1,1,0,1,1,light_mode,0.2,0.26666666666666666,0.5625,1,0.5,1
50,4/7/2021 19:13,2000,Undergraduate Student,0,0,0,1,1,130.017,5,"circle, stick, marks, triangle, mark, whisker, spill, eye, star, ",1,1,1,1,0,0,1,1,1,1,1,1,0,1,1,1,1,1,light_mode,0.4,0.3333333333333333,0.8125,1,1.0,1
51,4/8/2021 19:32,1993,Staff,1,0,0,0,1,65.112,11,"star bandaid, rocket, straw",1,0,0,0,0,0,0,0,0,0,1,0,0,0,1,0,0,1,light_mode,0.4,0.7333333333333333,0.1875,0,1.0,1
52,4/8/2021 20:51,2001,Undergraduate Student,1,0,0,1,1,112.83,7,"heart, stars, eyes, alien belly button, pencil, taco trail ",1,0,1,1,0,0,0,0,1,0,0,1,0,0,0,0,1,1,light_mode,0.6,0.4666666666666667,0.3125,1,1.0,1
53,4/9/2021 3:21,2001,Undergraduate Student,1,0,0,1,1,65.107,1,crumbs,1,1,1,1,1,1,1,1,1,0,0,1,0,0,0,0,0,1,light_mode,0.6,0.06666666666666667,0.625,0,1.0,1
54,4/9/2021 22:12,1998,Undergraduate Student,0,0,0,0,0,130.118,10,"bubble, rocket, tongue, ",0,0,1,1,1,1,1,1,1,1,1,1,0,0,1,1,0,1,light_mode,0.0,0.6666666666666666,0.75,0,0.5,1
55,4/10/2021 15:16,2000,Undergraduate Student,0,0,0,0,1,65.009,5,"book, smiles, scales",1,1,0,1,0,0,0,1,0,0,0,0,0,0,0,0,0,1,light_mode,0.2,0.3333333333333333,0.25,0,1.0,1
56,3/30/2021 15:40,1991,,1,0,0,1,0,185.02,14,arrow tongue spot tongue spot scales nose ,0,0,0,0,0,0,0,0,1,0,1,1,0,0,0,0,0,1,dark_mode,0.4,0.9333333333333333,0.1875,0,0.5,1
59,3/31/2021 21:54,1996,Undergraduate Student,1,0,0,0,0,130.027,2,"line, hut-like figure",0,0,0,0,1,0,0,0,0,0,1,0,0,0,0,1,0,1,dark_mode,0.2,0.13333333333333333,0.1875,0,0.5,1
62,4/1/2021 1:37,1997,Staff,0,1,0,0,0,130.095,2,"ROCKET,",1,1,1,1,1,1,1,1,1,1,1,1,1,1,1,1,1,1,dark_mode,0.2,0.13333333333333333,1.0,1,0.5,1
64,4/1/2021 6:51,1995,Graduate Student,0,1,0,1,0,130.104,14,"fish, lamp, board, star, rabbit, f",1,1,1,1,1,1,1,1,1,1,1,1,1,1,1,1,0,1,dark_mode,0.4,0.9333333333333333,1.0,0,0.5,1
65,4/1/2021 6:40,,Graduate Student,0,0,0,0,0,195.413,13,"toys,star,fireworks",1,1,1,1,1,1,1,1,1,1,1,1,1,1,1,1,0,1,dark_mode,0.0,0.8666666666666667,1.0,0,0.5,1
66,4/6/2021 17:52,2000,Undergraduate Student,1,1,1,0,1,130.222,7,"heart, tongue, rocket, pencil tip, star, cat whisker, circle, ",1,1,1,1,0,0,0,0,1,0,1,1,0,0,1,0,1,1,dark_mode,0.8,0.4666666666666667,0.5,1,1.0,1
67,4/6/2021 22:04,1999,Undergraduate Student,0,1,1,0,1,65.017,7,"pencil,",1,1,1,1,1,1,0,1,1,0,0,1,1,1,1,1,1,1,dark_mode,0.6,0.4666666666666667,0.8125,1,1.0,1
68,4/6/2021 23:35,1998,Undergraduate Student,0,0,0,1,0,64.912,5,beak,0,0,0,0,0,0,0,0,0,0,0,0,0,0,0,0,1,1,dark_mode,0.2,0.3333333333333333,0.0,1,0.5,1
69,4/7/2021 5:57,1997,Undergraduate Student,1,0,0,1,0,104.506,8,"The details between the two drawings are slightly different with its patterns, etc.",1,1,1,1,1,1,1,1,1,1,1,1,1,1,1,1,1,1,dark_mode,0.4,0.5333333333333333,1.0,1,0.5,1
70,4/7/2021 15:15,2000,Undergraduate Student,1,1,0,1,0,65.038,2,bubbles,1,1,1,1,1,0,0,1,1,0,0,1,1,1,0,0,0,1,dark_mode,0.6,0.13333333333333333,0.625,0,0.5,1
71,4/7/2021 18:39,1999,Undergraduate Student,0,0,0,0,1,58.641,3,"pencil tip, robot, rocket",1,1,0,0,0,0,0,0,0,0,0,0,0,0,0,0,0,1,dark_mode,0.2,0.2,0.125,0,1.0,1
72,4/7/2021 18:40,2000,Undergraduate Student,0,0,1,0,1,39.837,30,"tongu, pattern, missing, rocket, designs",0,0,0,0,0,0,0,0,0,0,0,0,0,0,0,0,0,1,dark_mode,0.4,2.0,0.0,0,1.0,1
73,4/7/2021 18:12,2001,Undergraduate Student,1,1,0,1,0,130.021,4,"heart, cat sweat, lizard tongue, light stick circle",1,0,1,1,0,0,0,0,1,1,1,1,0,1,1,0,1,1,dark_mode,0.6,0.26666666666666666,0.5625,1,0.5,1
74,4/7/2021 18:12,2002,Undergraduate Student,0,0,0,1,0,35.707,1,No firework in 2nd,1,0,0,0,0,0,0,0,0,0,0,0,0,0,0,0,1,0,dark_mode,0.2,0.06666666666666667,0.0625,1,0.0,0
75,4/7/2021 18:54,1994,Undergraduate Student,0,0,0,0,0,58.05,2,"lever, firecracker",0,0,0,0,0,0,0,0,0,0,0,0,0,0,0,0,0,1,dark_mode,0.0,0.13333333333333333,0.0,0,0.5,1
76,4/7/2021 18:51,2001,Undergraduate Student,0,1,0,0,0,65.009,4,"center claw, joystick, left rocket, ",0,0,1,1,0,0,1,1,1,0,1,1,0,1,1,0,0,1,dark_mode,0.2,0.26666666666666666,0.5625,0,0.5,1
77,4/7/2021 18:47,1998,Undergraduate Student,0,1,1,0,0,130.021,6,"circles, rocket, cir",1,1,0,0,0,0,0,1,1,0,0,1,0,0,0,0,1,1,dark_mode,0.4,0.4,0.3125,1,0.5,1
78,4/7/2021 18:45,2000,Undergraduate Student,1,1,1,0,0,130.122,6,"circle,blob,dots,star,arrow,blob",1,0,0,0,0,0,0,0,0,0,0,0,0,0,0,0,0,1,dark_mode,0.6,0.4,0.0625,0,0.5,1
79,4/7/2021 18:51,2001,Undergraduate Student,1,1,1,1,1,130.017,8,"lizard, rocket, lamp, lightbulb, globe, pencil",0,0,1,1,1,1,0,0,1,0,0,1,0,0,0,0,1,1,dark_mode,1.0,0.5333333333333333,0.375,1,1.0,1
80,4/7/2021 18:30,1998,Graduate Student,1,0,0,0,0,65.018,5,pattern,1,1,1,1,1,1,1,1,1,0,1,1,0,0,0,0,0,0,dark_mode,0.2,0.3333333333333333,0.6875,0,0.0,0
81,4/7/2021 19:26,2000,Undergraduate Student,1,1,0,0,1,130.225,11,"scales, ball, monster, scales, glove, speckles, tongue, bellybutton, ",1,1,1,1,0,1,0,0,0,0,1,1,1,1,1,0,0,1,dark_mode,0.6,0.7333333333333333,0.625,0,1.0,1
83,4/7/2021 19:11,1998,Undergraduate Student,1,0,0,0,1,65.014,8,odd,0,0,1,0,0,0,0,0,1,0,0,1,0,0,0,0,1,1,dark_mode,0.4,0.5333333333333333,0.1875,1,1.0,1
86,4/7/2021 19:37,1999,Undergraduate Student,1,1,1,1,1,65.01,4,"bulb, heart, star, firework",1,0,0,0,0,0,0,0,1,1,1,1,1,1,1,0,1,1,dark_mode,1.0,0.26666666666666666,0.5,1,1.0,1
87,4/7/2021 19:41,1999,Undergraduate Student,1,0,1,1,0,53.946,1,"Cameleonâ€™s tongue,",1,0,0,0,0,0,0,0,0,0,0,0,0,0,0,0,0,1,dark_mode,0.6,0.06666666666666667,0.0625,0,0.5,1
88,4/7/2021 19:18,2002,Undergraduate Student,1,1,0,1,0,95.142,3,"taco, heart, rocket",0,0,0,0,0,0,0,0,0,1,0,1,0,0,0,1,1,1,dark_mode,0.6,0.2,0.1875,1,0.5,1
89,4/7/2021 19:29,2002,Undergraduate Student,0,1,1,0,1,65.11,4,"heart,stick,",1,1,1,1,1,0,1,1,1,1,1,1,1,1,1,1,1,1,dark_mode,0.6,0.26666666666666666,0.9375,1,1.0,1
90,4/7/2021 19:58,2002,Undergraduate Student,1,1,1,0,1,110.702,7,"claw, heart, star, globe, tweezer?",1,1,1,1,0,0,0,1,1,1,1,1,0,0,1,1,1,1,dark_mode,0.8,0.4666666666666667,0.6875,1,1.0,1
91,4/7/2021 20:03,1999,Undergraduate Student,0,1,1,1,1,130.118,6,"ball,star,rocket,clouds,scale, fin",0,0,1,1,0,1,1,0,1,1,0,0,0,0,0,0,1,1,dark_mode,0.8,0.4,0.375,1,1.0,1
92,4/7/2021 19:45,1997,Undergraduate Student,1,0,0,0,0,179.026,2,"Rocket, bubble",0,0,0,0,0,0,0,0,1,0,0,1,0,0,0,0,0,1,dark_mode,0.2,0.13333333333333333,0.125,0,0.5,1
93,4/7/2021 19:08,2001,Undergraduate Student,1,1,1,1,0,65.022,3,"rocket, pencil",0,0,0,0,0,0,0,0,0,0,0,0,0,0,0,0,1,1,dark_mode,0.8,0.2,0.0,1,0.5,1
95,4/7/2021 19:49,1999,Undergraduate Student,1,0,1,0,0,65.009,1,rocket,1,0,0,0,1,0,0,1,1,0,1,1,0,0,0,0,0,1,dark_mode,0.4,0.06666666666666667,0.375,0,0.5,1
96,4/7/2021 19:57,2001,Undergraduate Student,1,0,0,0,0,63.98,5,"crane, monster left",1,0,1,1,1,0,1,0,0,1,0,0,0,0,0,0,0,1,dark_mode,0.2,0.3333333333333333,0.375,0,0.5,1
97,4/7/2021 20:50,2001,Undergraduate Student,0,0,0,1,1,65.011,6,"ball, ball, rocket, tongue, corner, ",1,1,1,1,1,1,1,1,1,1,1,1,1,0,1,0,0,1,dark_mode,0.4,0.4,0.875,0,1.0,1
99,4/7/2021 18:52,2002,Undergraduate Student,0,1,0,0,0,65.011,8,"circle, ton",0,0,0,0,0,0,0,1,1,0,0,1,0,0,0,0,1,1,dark_mode,0.2,0.5333333333333333,0.1875,1,0.5,1
100,4/7/2021 21:20,2001,Undergraduate Student,1,1,1,0,1,65.015,1,"bubbles, ",0,0,0,0,0,0,0,0,0,0,0,0,0,0,0,0,0,1,dark_mode,0.8,0.06666666666666667,0.0,0,1.0,1
101,4/7/2021 20:28,2001,Undergraduate Student,1,1,1,0,0,105.164,4,"claw, lever,heart, lizard, taco, rocket, ",1,0,0,0,0,0,0,0,0,0,0,0,0,0,0,0,1,1,dark_mode,0.6,0.26666666666666666,0.0625,1,0.5,1
102,4/7/2021 22:01,2001,Undergraduate Student,0,1,1,0,0,127.14,8,"circles(2), rocket, tongue, light, x, dots(2), u ",1,1,1,1,1,0,0,1,1,1,0,1,1,0,1,0,1,1,dark_mode,0.4,0.5333333333333333,0.6875,1,0.5,1
104,4/7/2021 19:43,1999,Undergraduate Student,0,1,0,0,1,65.013,3,"star, robot, heart",1,1,1,1,1,1,1,1,1,1,1,1,1,1,1,0,1,1,dark_mode,0.4,0.2,0.9375,1,1.0,1
105,4/7/2021 22:21,2000,Undergraduate Student,1,1,1,1,0,87.623,5,blobs,1,1,1,1,0,0,0,0,1,0,1,1,0,0,0,0,1,1,dark_mode,0.8,0.3333333333333333,0.4375,1,0.5,1
106,4/7/2021 23:26,2000,Undergraduate Student,1,1,1,0,0,130.123,7,"scales, heart, rocket, lizard, earth, pencil, claw",1,1,1,1,1,1,1,1,1,1,1,1,0,0,1,0,0,1,dark_mode,0.6,0.4666666666666667,0.8125,0,0.5,1
107,4/8/2021 0:41,2000,Undergraduate Student,1,1,0,0,1,65.012,4,"front stick missing circle in bottom left, ",0,0,1,1,0,0,0,0,1,1,1,1,0,0,0,0,1,1,dark_mode,0.6,0.26666666666666666,0.375,1,1.0,1
108,4/1/2021 6:26,1984,Undergraduate Student,1,0,0,0,0,130.123,3,"wand, book, rocket",1,1,1,1,1,1,1,1,1,1,1,1,1,1,1,1,0,1,dark_mode,0.2,0.2,1.0,0,0.5,1
109,4/8/2021 10:04,1996,Graduate Student,1,1,1,0,0,109.078,3,"c, stick, E",0,0,0,0,0,0,0,1,1,0,0,1,0,1,1,1,1,0,dark_mode,0.6,0.2,0.375,1,0.0,0
110,4/8/2021 12:50,2000,Undergraduate Student,1,1,0,0,0,65.011,4,"bubble, rocket, star, ",1,1,0,0,1,0,0,0,0,0,0,0,0,0,0,0,0,1,dark_mode,0.4,0.26666666666666666,0.1875,0,0.5,1
111,4/8/2021 23:18,2001,Undergraduate Student,1,1,1,1,1,130.147,5,"dot, ball, rocket, ",1,1,1,1,0,0,1,0,0,0,0,0,1,1,1,0,1,1,dark_mode,1.0,0.3333333333333333,0.5,1,1.0,1
112,4/8/2021 23:32,2000,Undergraduate Student,0,1,0,0,1,62.69,4,"eye, rocket, pencil tip, claw",1,1,1,1,1,1,1,1,1,1,1,1,0,1,1,1,1,1,dark_mode,0.4,0.26666666666666666,0.9375,1,1.0,1
113,4/8/2021 15:42,2001,Undergraduate Student,1,1,1,1,1,130.193,5,"globe, rocket, pencil, stick, star",1,1,0,0,1,1,1,1,1,1,1,1,0,1,1,1,0,1,dark_mode,1.0,0.3333333333333333,0.8125,0,1.0,1
114,4/11/2021 20:35,2002,Undergraduate Student,1,1,1,1,0,101.975,3,"rocket, bubbles, sparkle",1,1,1,0,0,0,0,0,0,0,0,0,0,0,0,0,0,1,dark_mode,0.8,0.2,0.1875,0,0.5,1
118,3/31/2021 22:30,1996,Graduate Student,0,0,1,1,0,65.011,5,book,1,1,1,1,1,1,1,1,1,1,1,1,1,1,1,1,1,1,low_contrast,0.4,0.3333333333333333,1.0,1,0.5,1
121,4/1/2021 6:40,1998,Graduate Student,1,0,0,1,0,65.008,1,Scales,0,0,0,0,0,0,0,0,0,0,0,0,0,0,0,0,0,1,low_contrast,0.4,0.06666666666666667,0.0,0,0.5,1
122,4/1/2021 6:33,1994,Graduate Student,1,0,0,0,0,65.142,2,Rocke,1,1,1,1,1,1,1,1,1,0,0,1,0,1,1,0,0,1,low_contrast,0.2,0.13333333333333333,0.75,0,0.5,1
123,4/1/2021 8:01,1991,Graduate Student,0,0,1,0,1,130.175,5,book staff face dress things,1,1,1,1,0,1,1,1,1,1,1,1,0,1,1,1,0,0,low_contrast,0.4,0.3333333333333333,0.875,0,0.5,0
124,4/6/2021 18:35,2000,Undergraduate Student,1,0,1,1,0,130.075,1,lever,0,0,1,1,0,0,1,0,1,1,1,1,1,0,0,0,1,1,low_contrast,0.6,0.06666666666666667,0.5,1,0.5,1
125,4/6/2021 22:21,1998,Undergraduate Student,1,0,1,0,0,130.022,3,"Lizard, crumbs, rocket",1,1,1,1,1,1,1,1,1,1,1,1,1,1,1,1,0,1,low_contrast,0.4,0.2,1.0,0,0.5,1
126,4/7/2021 1:42,2000,Undergraduate Student,0,0,0,0,0,65.014,2,"robot, valve",0,1,1,1,0,0,1,0,1,0,0,1,0,0,0,0,0,1,low_contrast,0.0,0.13333333333333333,0.375,0,0.5,1
127,4/7/2021 15:15,2001,Undergraduate Student,0,0,1,1,1,130.017,3,"rocket, stick",1,0,0,0,0,0,0,0,0,0,0,0,0,0,0,0,0,1,low_contrast,0.6,0.2,0.0625,0,1.0,1
128,4/7/2021 18:53,2000,Undergraduate Student,1,0,0,0,1,65.009,2,"rocket, stick, ",1,1,1,1,1,1,1,1,1,1,1,1,1,1,1,1,0,1,low_contrast,0.4,0.13333333333333333,1.0,0,1.0,1
129,4/7/2021 18:45,1999,Undergraduate Student,1,0,1,1,1,135.394,7,"rocket, claw, tongue, specks, control, heart, star",1,1,1,1,0,1,1,1,0,0,1,1,1,1,0,1,0,1,low_contrast,0.8,0.4666666666666667,0.75,0,1.0,1
130,4/7/2021 18:28,1990,Graduate Student,1,0,0,1,1,130.034,1,Stick on monkey,1,0,1,1,0,0,1,0,1,0,0,1,0,0,0,0,1,1,low_contrast,0.6,0.06666666666666667,0.375,1,1.0,1
131,4/7/2021 18:47,2001,Undergraduate Student,1,0,0,0,0,65.009,3,heart has vein,1,1,0,0,1,0,0,0,1,0,0,0,0,0,0,0,1,1,low_contrast,0.2,0.2,0.25,1,0.5,1
132,4/7/2021 18:46,2000,Undergraduate Student,0,0,0,0,0,130.125,3,"line, book, circle",0,1,1,1,1,1,0,1,1,0,1,1,0,1,1,1,0,1,low_contrast,0.0,0.2,0.75,0,0.5,1
133,4/7/2021 18:49,1999,Undergraduate Student,0,0,0,1,1,130.167,2,on top of the bulb there and on the bottom left bulb there is one item missing in the circle is one item missing,1,1,1,1,1,1,1,1,0,0,1,0,1,1,1,1,0,1,low_contrast,0.4,0.13333333333333333,0.8125,0,1.0,1
134,4/7/2021 18:50,1999,Undergraduate Student,1,0,1,0,1,65.109,3,"top-right, top, desk",1,1,1,1,1,1,0,1,1,1,1,0,1,1,1,0,0,1,low_contrast,0.6,0.2,0.8125,0,1.0,1
135,4/7/2021 18:35,1999,Undergraduate Student,1,0,1,1,0,65.119,6,"bubble, heart, dots, ",1,0,1,1,1,0,1,1,0,1,1,0,0,0,1,0,0,1,low_contrast,0.6,0.4,0.5625,0,0.5,1
136,4/7/2021 18:55,2002,Undergraduate Student,1,0,1,1,1,130.024,3,"antenna, circle, rocket",1,0,1,1,0,0,1,1,1,1,1,1,0,1,1,1,0,1,low_contrast,0.8,0.2,0.75,0,1.0,1
137,4/7/2021 19:50,2000,Undergraduate Student,0,0,0,0,0,130.198,0,the screen is dark and its really hard to see i think theres a glitch with the survey,0,0,1,0,0,0,0,0,0,0,0,0,0,0,0,0,0,1,low_contrast,0.0,0.0,0.0625,0,0.5,1
138,4/7/2021 19:34,1999,Undergraduate Student,0,0,0,1,0,65.009,5,"fan, g",1,1,1,1,1,0,0,0,1,1,1,1,0,0,0,0,1,1,low_contrast,0.2,0.3333333333333333,0.5625,1,0.5,1
139,4/7/2021 18:52,1999,Undergraduate Student,1,0,1,1,1,65.017,6,missi,0,0,1,1,0,0,0,0,1,0,1,1,1,0,1,0,0,1,low_contrast,0.8,0.4,0.4375,0,1.0,1
140,4/7/2021 19:55,1999,Undergraduate Student,1,0,1,1,1,130.119,4,"tongue, rocket, starfish, line",1,1,0,0,1,0,0,1,0,0,0,0,1,0,0,0,1,1,low_contrast,0.8,0.26666666666666666,0.3125,1,1.0,1
142,4/7/2021 18:49,2000,Undergraduate Student,1,0,0,1,1,130.114,4,"smile, scale, scale, scale",0,1,0,0,0,0,0,0,1,1,1,1,0,1,1,1,1,1,low_contrast,0.6,0.26666666666666666,0.5,1,1.0,1
143,4/7/2021 19:54,1998,Graduate Student,1,0,1,1,1,130.126,4,"lamp, eyes, spots, lettuce",1,1,1,1,1,0,0,0,1,0,0,1,1,1,1,1,1,1,low_contrast,0.8,0.26666666666666666,0.6875,1,1.0,1
144,4/7/2021 20:10,1999,Undergraduate Student,1,0,1,1,1,65.11,2,"Chameleon tongue, rocket",1,1,1,1,0,0,1,1,1,1,1,1,0,1,1,1,1,1,low_contrast,0.8,0.13333333333333333,0.8125,1,1.0,1
145,4/7/2021 18:47,1999,Undergraduate Student,1,0,1,0,0,65.115,3,"lizard, hole, ",1,1,1,1,1,1,1,1,1,1,1,1,1,1,1,1,1,1,low_contrast,0.4,0.2,1.0,1,0.5,1
146,4/7/2021 18:58,1999,Undergraduate Student,1,0,1,1,0,130.125,6,"star, rock on the left, blobs on the bulb at the bottom, line on the left, pencil tip, little sprinkles on the left",1,0,1,1,0,0,1,1,1,1,1,1,1,1,1,1,0,1,low_contrast,0.6,0.4,0.8125,0,0.5,1
147,4/7/2021 19:55,1999,Undergraduate Student,1,0,0,0,1,130.018,5,"lizard, dots on claw, dots on joystick, firework, ",0,0,0,1,0,0,0,0,1,1,1,1,0,1,1,1,0,1,low_contrast,0.4,0.3333333333333333,0.5,0,1.0,1
148,4/7/2021 19:01,1999,Undergraduate Student,0,0,0,0,0,130.117,5,"moon, tongue, firework, design",0,0,1,0,0,0,0,1,1,1,0,0,0,0,0,0,0,1,low_contrast,0.0,0.3333333333333333,0.25,0,0.5,1
149,4/7/2021 20:57,1998,Undergraduate Student,1,0,0,1,1,130.023,4,"globe, light, ",0,0,0,0,0,0,0,0,1,0,0,1,0,0,0,0,1,1,low_contrast,0.6,0.26666666666666666,0.125,1,1.0,1
150,4/7/2021 20:48,2000,Undergraduate Student,1,0,1,0,0,65.03,3,"spots,sparkles",1,1,0,0,0,0,0,0,1,0,1,1,1,0,0,1,1,1,low_contrast,0.4,0.2,0.4375,1,0.5,1
151,4/7/2021 18:45,2001,Undergraduate Student,1,0,1,1,0,130.116,6,"rat, joystick, claw, ",1,0,0,1,0,1,0,0,1,0,1,1,0,0,0,1,1,1,low_contrast,0.6,0.4,0.4375,1,0.5,1
152,4/7/2021 22:14,2000,Undergraduate Student,1,0,1,0,0,65.008,3,ca,1,1,1,1,0,0,0,0,0,0,0,0,0,0,0,0,0,1,low_contrast,0.4,0.2,0.25,0,0.5,1
153,4/7/2021 22:20,2000,Undergraduate Student,0,0,0,1,0,65.013,3,"line, dot, firecracker",0,0,0,0,0,0,0,0,1,0,0,1,1,0,1,1,0,1,low_contrast,0.2,0.2,0.3125,0,0.5,1
154,4/7/2021 22:40,2000,Undergraduate Student,1,0,1,1,0,130.024,11,"claw,heart,tongue,star,globe,taco,",0,0,1,1,1,0,0,0,1,1,1,1,1,1,1,1,0,1,low_contrast,0.6,0.7333333333333333,0.6875,0,0.5,1
155,4/7/2021 18:56,2001,Undergraduate Student,1,0,1,1,1,130.02,1,rocket,1,1,1,1,1,0,0,0,1,0,0,1,0,1,0,0,1,1,low_contrast,0.8,0.06666666666666667,0.5,1,1.0,1
156,4/7/2021 23:41,2002,Undergraduate Student,1,0,1,0,0,130.115,3,"globe,line,star",0,0,1,0,0,0,0,0,1,1,1,1,0,1,1,0,1,1,low_contrast,0.4,0.2,0.4375,1,0.5,1
157,4/8/2021 1:22,1998,Undergraduate Student,0,0,1,0,0,65.015,2,"ornament, globe",1,1,1,1,0,0,0,1,0,0,0,1,0,0,1,0,0,1,low_contrast,0.2,0.13333333333333333,0.4375,0,0.5,1
158,4/8/2021 9:56,2000,Undergraduate Student,1,0,1,1,0,130.025,2,"tongue,rocket",0,0,0,0,0,0,0,1,0,0,1,0,1,0,1,0,1,1,low_contrast,0.6,0.13333333333333333,0.25,1,0.5,1
159,4/8/2021 13:03,1999,Undergraduate Student,1,0,0,0,1,65.116,4,"rocket, tongue, bubble, crumbes",1,1,1,1,1,1,1,1,1,1,1,1,1,1,1,1,0,1,low_contrast,0.4,0.26666666666666666,1.0,0,1.0,1
160,4/8/2021 17:31,1999,Undergraduate Student,0,0,1,1,1,130.12,5,"scales, stick, crumbs, rocket, window",1,0,1,1,0,0,0,0,1,0,0,1,1,1,1,1,0,1,low_contrast,0.6,0.3333333333333333,0.5625,0,1.0,1
161,4/9/2021 2:25,1997,Undergraduate Student,0,0,0,0,0,130.21,2,"lightbulb, lizard",0,0,0,0,0,0,0,0,1,1,0,1,0,1,0,0,1,1,low_contrast,0.0,0.13333333333333333,0.25,1,0.5,1
162,4/9/2021 15:10,2000,Undergraduate Student,1,0,0,1,1,65.016,2,"star, planet",1,1,1,1,1,0,0,1,1,0,0,1,0,0,0,0,0,1,low_contrast,0.6,0.13333333333333333,0.5,0,1.0,1
163,4/9/2021 17:50,2000,Graduate Student,1,0,1,1,1,65.014,1,rocket,0,0,1,1,0,0,0,0,0,1,1,1,0,0,0,0,1,1,low_contrast,0.8,0.06666666666666667,0.3125,1,1.0,1
164,4/11/2021 18:26,1997,Graduate Student,1,0,1,1,1,65.012,1,lever,1,1,1,1,0,0,0,0,1,1,1,1,1,1,1,0,1,1,low_contrast,0.8,0.06666666666666667,0.6875,1,1.0,1
168,3/31/2021 21:26,1996,Staff,0,0,0,0,0,130.334,4,"marks, plus mark.",0,0,0,0,0,0,0,0,0,0,0,0,0,0,0,0,0,1,neon,0.0,0.26666666666666666,0.0,0,0.5,1
171,4/1/2021 0:03,1995,Staff,0,0,0,0,0,65.083,2,"RACKET, STICK,",1,1,1,1,1,1,1,1,1,1,1,1,1,1,1,1,1,1,neon,0.0,0.13333333333333333,1.0,1,0.5,1
174,4/1/2021 15:16,,,1,0,0,0,1,65.127,10,test only,0,0,0,0,0,0,0,0,0,0,0,0,0,0,0,0,1,0,neon,0.4,0.6666666666666666,0.0,1,0.5,0
175,4/6/2021 16:36,1999,Undergraduate Student,0,0,0,1,1,195.043,2,tongue,0,0,0,0,0,0,0,0,0,0,0,0,0,0,0,0,0,1,neon,0.4,0.13333333333333333,0.0,0,1.0,1
176,4/6/2021 21:16,1999,Undergraduate Student,1,1,0,1,0,195.122,8,"head, bubble, tongue, dots, eye, pencil, rocket, belly ",1,1,1,1,1,1,1,1,1,1,1,0,1,1,1,1,1,1,neon,0.6,0.5333333333333333,0.9375,1,0.5,1
177,4/6/2021 19:33,2002,Undergraduate Student,1,1,0,1,1,65.059,3,"heart,iguana,dots,",1,0,1,1,0,0,1,0,1,1,1,0,1,0,1,0,0,1,neon,0.8,0.2,0.5625,0,1.0,1
178,4/7/2021 14:48,2001,Undergraduate Student,0,1,0,0,0,44.248,1,book,0,1,0,0,0,0,0,0,0,0,0,0,0,0,0,0,0,1,neon,0.2,0.06666666666666667,0.0625,0,0.5,1
179,4/7/2021 18:37,1998,Undergraduate Student,1,1,0,0,0,87.494,4,"lizzard, rocket, star, ball, ",1,0,0,0,0,0,0,1,0,0,0,0,0,0,1,0,1,1,neon,0.4,0.26666666666666666,0.1875,1,0.5,1
180,4/7/2021 18:38,1999,Undergraduate Student,0,0,0,1,0,65.011,3,"eye, crumbs, tongue",1,1,0,0,0,0,0,1,1,1,1,1,0,1,1,0,0,1,neon,0.2,0.2,0.5625,0,0.5,1
182,4/7/2021 18:44,2000,Undergraduate Student,1,1,0,1,1,101.147,5,"bubble, marks, stick, firework, bubble",1,1,1,1,1,0,1,1,1,1,1,1,0,1,1,1,0,1,neon,0.8,0.3333333333333333,0.875,0,1.0,1
183,4/7/2021 17:43,1997,Undergraduate Student,1,1,0,1,1,65.01,2,"hook,eyes",1,1,1,1,1,1,1,1,1,1,1,1,1,1,1,1,1,1,neon,0.8,0.13333333333333333,1.0,1,1.0,1
184,4/7/2021 19:04,2002,Undergraduate Student,0,0,0,0,1,90.074,5,"string,firework,eye,circle,eye",1,1,1,1,1,1,1,1,1,1,1,1,1,1,1,1,0,1,neon,0.2,0.3333333333333333,1.0,0,1.0,1
185,4/7/2021 18:54,2000,Undergraduate Student,1,1,0,0,0,109.135,6,"spot, sweat, dark, line, crumbs, rocket ",1,0,1,1,0,0,0,1,1,0,1,1,0,1,0,1,1,1,neon,0.4,0.4,0.5625,1,0.5,1
186,4/7/2021 18:48,2002,Undergraduate Student,1,1,0,1,0,116.922,8,"belly button, tough, heart, eye, rocket, lightbulb, taco, star",0,0,0,0,0,0,0,0,1,1,1,1,1,1,1,1,0,1,neon,0.6,0.5333333333333333,0.5,0,0.5,1
187,4/7/2021 18:51,2000,Undergraduate Student,1,1,0,0,0,60.104,2,"heart, light bulb",1,1,1,1,1,1,1,1,1,1,1,1,0,1,1,1,0,1,neon,0.4,0.13333333333333333,0.9375,0,0.5,1
188,4/7/2021 19:06,2000,Undergraduate Student,1,0,0,1,0,47.421,2,"firework, light bulb",1,1,1,1,0,0,0,0,1,0,0,1,0,0,0,0,0,1,neon,0.4,0.13333333333333333,0.375,0,0.5,1
189,4/7/2021 19:16,2002,Undergraduate Student,1,0,0,1,0,65.01,3,"reflection, stick, rocket",1,1,1,1,1,1,1,1,1,1,1,1,1,1,1,1,0,1,neon,0.4,0.2,1.0,0,0.5,1
190,4/7/2021 18:27,1995,Graduate Student,1,1,0,1,0,65.02,5,"star,lightbulb,eye,firework,lizard",1,0,1,1,1,0,0,1,1,1,1,1,1,1,1,0,0,1,neon,0.6,0.3333333333333333,0.75,0,0.5,1
191,4/7/2021 18:44,1998,Undergraduate Student,0,0,0,0,1,130.021,6,"eye , tongue, ",0,1,0,0,0,0,0,0,1,0,0,1,0,1,1,0,0,1,neon,0.2,0.4,0.3125,0,1.0,1
192,4/7/2021 19:28,2000,Undergraduate Student,0,1,0,0,0,57.292,2,"tongue, bubbles",1,0,0,0,1,0,0,0,1,1,1,0,1,1,1,0,1,1,neon,0.2,0.13333333333333333,0.5,1,0.5,1
193,4/7/2021 18:57,1996,Graduate Student,0,0,0,0,0,26.472,1,bulb,0,0,0,0,0,0,0,0,0,0,0,0,0,0,0,0,0,1,neon,0.0,0.06666666666666667,0.0,0,0.5,1
194,4/7/2021 19:36,1999,Undergraduate Student,0,1,0,0,1,65.011,5,"heart pattern, eye ball bubble, left bottom three wings vs two wings, r",1,0,0,0,1,0,0,1,1,1,1,1,1,1,1,1,1,1,neon,0.4,0.3333333333333333,0.6875,1,1.0,1
195,4/7/2021 19:05,1994,Undergraduate Student,1,1,0,1,1,130.024,7,lines,0,0,0,0,0,0,0,0,1,1,1,1,1,1,1,0,1,1,neon,0.8,0.4666666666666667,0.4375,1,1.0,1
196,4/7/2021 19:52,1997,Graduate Student,0,1,0,0,0,122.429,9,"eyeball, light on eyeball,, tongue, navel, mouth, rocket, animal, nose, pencil lead",1,1,0,0,1,1,1,1,1,1,1,1,1,1,1,1,1,1,neon,0.2,0.6,0.875,1,0.5,1
197,4/7/2021 19:52,2001,Undergraduate Student,1,1,0,1,1,130.118,6,"chameleon, taco, firework, lightbulb, joystick, star, claw, tooth",0,0,0,0,0,0,0,0,0,0,0,0,0,0,0,0,0,1,neon,0.8,0.4,0.0,0,1.0,1
198,4/7/2021 18:58,2000,Undergraduate Student,0,0,0,0,0,21.774,1,angles,1,1,1,1,1,1,1,1,1,1,1,1,1,1,1,1,1,1,neon,0.0,0.06666666666666667,1.0,1,0.5,1
199,4/7/2021 20:15,1999,Undergraduate Student,1,1,0,0,1,110.378,9,"circle, tongue, filling, star, eyeball, pencil, feather, blob, whisker",1,0,0,0,0,0,0,0,1,1,1,1,0,0,0,1,0,1,neon,0.6,0.6,0.375,0,1.0,1
200,4/7/2021 19:43,2002,Undergraduate Student,1,1,0,0,1,120.833,10,"spots, dirt, bandage, shine, rocket, stick, dirt, reflections",0,0,0,0,0,0,0,0,0,1,0,0,0,0,0,0,1,1,neon,0.6,0.6666666666666666,0.0625,1,1.0,1
201,4/7/2021 19:18,2001,Undergraduate Student,0,1,0,0,1,97.253,6,"circle, circle, firework, bellybutton, indent, tongue",1,1,1,1,0,0,0,0,1,0,0,1,0,0,0,1,1,1,neon,0.4,0.4,0.4375,1,1.0,1
202,4/7/2021 20:07,2000,Undergraduate Student,1,0,0,0,1,59.295,5,"eye, star, robot, runner, rocket",1,1,1,1,1,1,1,1,1,1,1,1,1,1,1,1,0,1,neon,0.4,0.3333333333333333,1.0,0,1.0,1
203,4/7/2021 20:08,2001,Undergraduate Student,1,1,0,1,1,104.011,6,"glimmer, marks, marks, tongue, glimmer, rocket",1,0,1,1,0,0,0,0,0,0,0,0,0,0,0,0,1,1,neon,0.8,0.4,0.1875,1,1.0,1
204,4/7/2021 20:42,1999,Undergraduate Student,1,1,0,1,1,117.218,6,"tongue,whisker,navel,rocket,circle,circle",1,1,1,1,0,0,0,1,1,1,1,1,0,0,1,0,1,1,neon,0.8,0.4,0.625,1,1.0,1
205,4/7/2021 21:13,1998,Undergraduate Student,1,0,0,1,1,90.461,6,Body,1,0,1,1,0,0,0,0,1,0,1,1,0,0,1,0,0,1,neon,0.6,0.4,0.4375,0,1.0,1
206,4/7/2021 21:26,1999,Undergraduate Student,1,1,0,0,0,77.283,1,Glass ball bottom left,1,0,1,1,0,0,0,0,1,1,1,1,0,0,1,0,0,1,neon,0.4,0.06666666666666667,0.5,0,0.5,1
207,4/7/2021 19:42,2001,Undergraduate Student,1,1,0,1,1,65.009,5,"stick, mouth, crumbs, belly button,  ",1,1,1,1,1,0,0,0,1,0,0,1,0,0,0,0,0,1,neon,0.8,0.3333333333333333,0.4375,0,1.0,1
209,4/7/2021 23:18,2000,Undergraduate Student,1,1,0,1,1,130.021,6,"highlight, tongue, eye, pencil tip, roc",1,0,0,0,0,0,0,0,1,0,0,1,0,0,1,1,0,1,neon,0.8,0.4,0.3125,0,1.0,1
210,4/7/2021 23:06,2001,Undergraduate Student,1,0,0,0,0,111.163,0,count find any lol,1,1,1,1,1,1,1,1,1,0,0,0,0,0,0,0,0,0,neon,0.2,0.0,0.5625,0,0.0,0
211,4/7/2021 18:43,1999,Undergraduate Student,1,1,0,0,1,130.365,8,"circle, rocket, star, belly button, eyeball, ears, tongue",1,1,1,1,0,0,0,0,1,0,1,0,1,0,1,0,1,1,neon,0.6,0.5333333333333333,0.5,1,1.0,1
212,4/7/2021 20:38,1999,Undergraduate Student,1,0,0,1,1,65.007,4,do,1,1,1,1,1,0,0,1,1,1,1,1,1,1,1,0,1,1,neon,0.6,0.26666666666666666,0.8125,1,1.0,1
215,4/7/2021 19:10,2001,Undergraduate Student,1,1,0,0,1,130.017,6,"heart, crumbs, dinosaur, dynamite, ",0,0,0,0,0,0,0,0,1,0,0,1,0,0,0,0,1,1,neon,0.6,0.4,0.125,1,1.0,1
216,4/7/2021 19:58,2000,Undergraduate Student,1,1,0,1,0,88.288,4,"stick, bubble, rocket, tacos",1,1,1,1,1,1,1,1,1,0,1,1,0,1,1,1,1,1,neon,0.6,0.26666666666666666,0.875,1,0.5,1
217,4/6/2021 19:48,2001,Undergraduate Student,0,1,0,1,1,87.546,4,"star, eyes, holes, pencil",1,0,1,1,0,0,1,0,1,0,0,1,0,0,0,1,0,1,neon,0.6,0.26666666666666666,0.4375,0,1.0,1
218,4/8/2021 21:14,2001,Undergraduate Student,0,0,0,0,0,107.229,5,"firework, pencil, circles",1,0,1,1,1,0,0,1,0,0,0,0,0,0,0,0,1,1,neon,0.0,0.3333333333333333,0.3125,1,0.5,1
219,4/9/2021 0:25,1996,Undergraduate Student,1,1,0,0,1,187.116,7,"tongue,mouth,rocket,coin,surface,eye,mouth",1,0,1,1,0,0,0,0,1,1,1,1,0,1,1,0,0,1,neon,0.6,0.4666666666666667,0.5625,0,1.0,1
220,4/7/2021 18:51,2000,Undergraduate Student,1,1,0,0,1,128.364,7,"nose, bellybutton,mouth,dust,tongue,freckles",1,1,1,1,0,0,1,0,1,1,1,1,0,1,1,0,0,1,neon,0.6,0.4666666666666667,0.6875,0,1.0,1
221,4/8/2021 19:12,2002,Undergraduate Student,1,1,0,0,0,116.731,4,stick,0,0,1,1,0,0,0,0,1,1,1,1,0,1,1,1,0,1,neon,0.4,0.26666666666666666,0.5625,0,0.5,1
